<?xml version="1.0" encoding="UTF-8"?>
<project-private xmlns="http://www.netbeans.org/ns/project-private/1">
    <editor-bookmarks xmlns="http://www.netbeans.org/ns/editor-bookmarks/2" lastBookmarkId="0"/>
    <open-files xmlns="http://www.netbeans.org/ns/projectui-open-files/2">
        <group>
            <file>file:/C:/Users/Samsung/Documents/GitHub/IFSP-computer-science-bachelor/compiler-construction/Projeto03-ParserV2-Alunos/Projeto03-ParserV2/src/Conjuntos%20Follow.txt</file>
            <file>file:/C:/Users/Samsung/Documents/GitHub/IFSP-computer-science-bachelor/compiler-construction/Projeto03-ParserV2-Alunos/Projeto03-ParserV2/src/edu/citadel/cprl/FirstFollowSets.java</file>
        </group>
    </open-files>
</project-private>
