<?xml version="1.0" encoding="UTF-8"?>
<project-private xmlns="http://www.netbeans.org/ns/project-private/1">
    <editor-bookmarks xmlns="http://www.netbeans.org/ns/editor-bookmarks/2" lastBookmarkId="0"/>
    <open-files xmlns="http://www.netbeans.org/ns/projectui-open-files/2">
        <group>
            <file>file:/home/andrelf/Documents/GitHub/IFSP-computer-science-bachelor/data-structure-notes/Listas/ESDC4Aula03/test/esdc4aula03/Exercicioi3p1Test.java</file>
            <file>file:/home/andrelf/Documents/GitHub/IFSP-computer-science-bachelor/data-structure-notes/Listas/ESDC4Aula03/src/esdc4aula03/Exercicioi3p1.java</file>
        </group>
    </open-files>
</project-private>
